{
    "pitch_diff": 20.0,
    "energy": 0.18000000000000002,
    "zcr": 0.05,
    "pitch_std": 2.0,
    "energy_std": 0.005,
    "voiced_ratio": 0.6500000000000001
}